{
    "train_losses": [
        0.48919680934960014,
        0.38790872750884897,
        0.2448251341173145,
        0.10783218999901678,
        0.08804674953706738,
        0.03357372874043409,
        0.013048126988843528,
        0.04275882362881817,
        0.03560440791609654,
        0.017934668170386855,
        0.016570268780008685,
        0.01592146218854467,
        0.013946303161076994,
        0.012411560634699052,
        0.011004264403464723,
        0.012035867964089949,
        0.01184123838891768,
        0.011940030446525137,
        0.011710085416252724,
        0.012353521025987213,
        0.012076972477337298,
        0.009665280658659913,
        0.009002460505741081,
        0.008031281989847231,
        0.006494393071143116,
        0.007256280832035603,
        0.007100067778788878,
        0.006691607118715587,
        0.006029064516528589,
        0.005880092786879957,
        0.004999899901703633,
        0.005139542426122816,
        0.0060455430285369285,
        0.005112409466651952,
        0.005042760235886956,
        0.004714339705868797,
        0.0068892772496528,
        0.005058770662336744,
        0.006195734481131399,
        0.004644873508559389,
        0.004604197073557893,
        0.004292503600978201,
        0.005821364052206918,
        0.0059078513607031145,
        0.005049984056285744,
        0.004686879686616638,
        0.004593215566314073,
        0.004560998677582283,
        0.004789130376406721,
        0.004349904092869711
    ],
    "val_losses": [
        3.787167243237765,
        2.8045521862102003,
        2.1873320093694724,
        0.8878021240234375,
        0.42778709699522777,
        0.14081965752367703,
        0.5962695355685252,
        2.273889217736586,
        2.492976926407724,
        0.9304799493753685,
        0.28636369165384545,
        0.20777331658129422,
        0.21526016379302404,
        0.2075681506462817,
        0.18751677027288474,
        0.18038692114488133,
        0.16403070485816812,
        0.1556652716870578,
        0.13969843342619123,
        0.11617189083459242,
        0.09429796686712301,
        0.08469651780038509,
        0.0787244292924989,
        0.07392711459465746,
        0.07155513763427734,
        0.07031403847460477,
        0.06973810015984301,
        0.06461992803609597,
        0.06172533305186146,
        0.05634655142730137,
        0.05397873104743238,
        0.05171953507189481,
        0.04947687095066287,
        0.048098406701717736,
        0.04789295736348854,
        0.048735231723425525,
        0.04734680787572321,
        0.04519153091142762,
        0.04413893537701301,
        0.042590703604356295,
        0.04214739349653136,
        0.04186894758692328,
        0.04097835972624005,
        0.04246929456602852,
        0.044542483563693065,
        0.04725599738786805,
        0.05067007496671857,
        0.05322453660785027,
        0.05148397301727871,
        0.04931997353175901
    ]
}