{
    "train_losses": [
        902.2664794921875,
        835.9791259765625,
        625.7730712890625,
        299.8553466796875,
        154.89556884765625,
        502.96832275390625,
        123.38835144042969,
        143.56552124023438,
        206.08291625976562,
        236.35946655273438
    ],
    "val_losses": [
        933.2322387695312,
        933.2639770507812,
        850.6351318359375,
        602.3343505859375,
        353.83074951171875,
        392.98089599609375,
        451.3684997558594,
        490.28741455078125,
        519.2767333984375,
        534.1571044921875
    ]
}