{
    "train_losses": [
        7.947706182276821,
        5.031139251131879,
        4.28026121476588,
        3.9133230604672846,
        3.6588209935614873,
        3.4464856150516616,
        3.256535234036218,
        3.083753315766069,
        2.933487553839041,
        2.817444992427996,
        2.6845455119043478,
        2.5795460536833765,
        2.4868269710560775,
        2.4049555197647248,
        2.318719195269388,
        2.244942657786261,
        2.1772933967712356,
        2.1139951232971166,
        2.05815923051429,
        2.000932426120076,
        1.9600461490753125,
        1.9130952206343084,
        1.8720752958483764,
        1.835413472278617,
        1.804280593186445,
        1.7648948536659326,
        1.7337884834191533,
        1.7046020262267618,
        1.6748834934044585,
        1.6474941721997713,
        1.6218340980112709,
        1.6029455477990089,
        1.5739533836202717,
        1.5589254218118005,
        1.5377405248640967,
        1.5162830699096503,
        1.4993411528857892,
        1.4843150804851715,
        1.4691422787022703,
        1.4478814795058499,
        1.4365934999938028,
        1.4169592705458074,
        1.4051755704239643,
        1.394455130274032,
        1.3814521807304025,
        1.3697453440954752,
        1.3545055384403384,
        1.3457300936794432,
        1.3355651786956226,
        1.3246966447265096
    ],
    "val_losses": [
        5.735626173469256,
        4.461963877363025,
        4.309755600848288,
        3.9872252834293076,
        3.886560763390559,
        3.658197524412623,
        3.481163947087414,
        3.319133852450353,
        3.316085454990279,
        3.261091468469152,
        3.1240038922372855,
        3.094548905233167,
        8.34088648490186,
        3.0938207900749064,
        3.101086490559128,
        3.0630010641970724,
        7.83788468477861,
        3.0721427101009295,
        8.901731554067359,
        3.0013439717157833,
        3.02792748471476,
        3.008806921401114,
        2.9776618475059293,
        3.024638930019343,
        3.005508971101833,
        2.963547799384819,
        2.9705035028592595,
        2.981836866657689,
        2.971269385432297,
        3.0684101778381274,
        2.9534569736921563,
        2.947318235095942,
        2.9645318793800643,
        3.0260200258695855,
        3.041823152663573,
        3.013395811026951,
        3.013255440963889,
        2.986519802291438,
        2.9762526030810372,
        2.957731011341203,
        3.014054052672296,
        2.9667061207429417,
        6.589315489777979,
        7.701314100679362,
        2.983959912691476,
        2.9613235367918915,
        3.0433977443092273,
        2.97070375928339,
        2.984225963646511,
        3.000233771666041
    ]
}