{
    "train_loss": [
        802.6364135742188,
        744.2205810546875,
        629.9276733398438,
        476.9996643066406,
        299.90374755859375,
        161.17562866210938,
        88.59083557128906,
        48.332515716552734,
        36.377437591552734,
        50.02245330810547,
        90.1915283203125,
        113.30884552001953,
        86.7320785522461,
        58.49198913574219,
        34.331809997558594,
        29.000295639038086,
        28.527551651000977,
        28.358278274536133,
        27.74783706665039,
        25.73041534423828,
        21.38214111328125,
        17.637971878051758,
        15.498631477355957,
        14.27606201171875,
        13.7886381149292,
        12.917141914367676,
        12.36922550201416,
        11.660394668579102,
        10.84521198272705,
        10.028701782226562,
        8.95733642578125,
        8.284751892089844,
        7.497779369354248,
        7.057315826416016,
        6.686336517333984,
        6.3697919845581055,
        6.0845160484313965,
        5.76548433303833,
        5.483641147613525,
        5.161361217498779,
        4.97357177734375,
        4.734932899475098,
        4.543305397033691,
        4.354777812957764,
        4.252048969268799,
        4.106423377990723,
        3.9663708209991455,
        3.8740553855895996,
        3.7485313415527344,
        3.6960465908050537
    ],
    "val_loss": [
        824.6464233398438,
        787.843017578125,
        778.470947265625,
        644.6004028320312,
        443.37908935546875,
        264.85540771484375,
        162.83511352539062,
        111.14787292480469,
        76.70263671875,
        61.64946365356445,
        62.72106170654297,
        59.36573791503906,
        57.77016830444336,
        59.862937927246094,
        61.83965301513672,
        62.6510009765625,
        64.5522232055664,
        63.964508056640625,
        63.057918548583984,
        60.61628723144531,
        57.63910675048828,
        52.8438606262207,
        48.864158630371094,
        45.953678131103516,
        43.05964660644531,
        39.883853912353516,
        38.27755355834961,
        37.323490142822266,
        37.63656997680664,
        38.39448928833008,
        40.724853515625,
        42.99861145019531,
        46.0928840637207,
        47.943885803222656,
        50.7255744934082,
        53.188560485839844,
        56.012577056884766,
        58.88806915283203,
        60.62241744995117,
        61.905941009521484,
        62.945167541503906,
        64.32218170166016,
        64.78175354003906,
        66.66094207763672,
        68.2135238647461,
        70.24039459228516,
        72.5542984008789,
        75.6927490234375,
        78.07595825195312,
        79.22676086425781
    ]
}