{
    "train_loss": [
        0.4380007315257112,
        0.4121826363910101,
        0.3579790008336884,
        0.3059321435009177,
        0.20753388587379556,
        0.12109423008775236,
        0.06061326313468881,
        0.03678042687354566,
        0.027293474810499763,
        0.02275349097409421
    ],
    "val_loss": [
        3.492032896797612,
        3.2741371010834315,
        3.218502692456515,
        2.4229117339512087,
        1.3188478002008401,
        0.6069199903956,
        0.36493207823555424,
        0.2574726860478239,
        0.2175576551905218,
        0.32011463957012826
    ]
}