{
    "train_losses": [
        0.6349796056747437,
        0.7491211891174316,
        0.7479453086853027,
        0.7466809153556824,
        0.7453852891921997,
        0.7440849542617798,
        0.742743194103241,
        0.741369366645813,
        0.7399905323982239,
        0.7385676503181458,
        0.7370904684066772,
        0.7355281114578247,
        0.7338919639587402,
        0.7321761250495911,
        0.7303844690322876
    ],
    "val_losses": [
        0.7057016491889954,
        0.7054097652435303,
        0.7050985097885132,
        0.7047908902168274,
        0.7044844627380371,
        0.7041612863540649,
        0.7038339376449585,
        0.7035104632377625,
        0.7031802535057068,
        0.702839732170105,
        0.7024864554405212,
        0.7021192312240601,
        0.7017402648925781,
        0.7013498544692993,
        0.7009484171867371
    ],
    "val_ious": [
        0.40899658203125,
        0.40899658203125,
        0.40899658203125,
        0.40899658203125,
        0.40899658203125,
        0.40899658203125,
        0.40899658203125,
        0.40899658203125,
        0.40899658203125,
        0.40899658203125,
        0.40899658203125,
        0.40899658203125,
        0.40899658203125,
        0.40899658203125,
        0.40899658203125
    ]
}